{"swagger":"2.0","info":{"title":"Azure Compute API","description":"Azure Compute API","version":"1.0"},"host":"management.azure.com","basePath":"/","schemes":["https"],"consumes":[],"produces":[],"paths":{"/subscriptions/{subscriptionId}/resourceGroups/{rgName}/providers/Microsoft.Compute/virtualMachines/{vmName}/InstanceView":{"get":{"responses":{"default":{"description":"default","schema":{"type":"object","properties":{"disks":{"type":"array","items":{"type":"object","properties":{"name":{"type":"string","description":"name"},"statuses":{"type":"array","items":{"type":"object","properties":{"code":{"type":"string","description":"code"},"level":{"type":"string","description":"level"},"displayStatus":{"type":"string","description":"displayStatus"},"time":{"type":"string","description":"time"}}},"description":"statuses"}}},"description":"disks"},"bootDiagnostics":{"type":"object","properties":{},"description":"bootDiagnostics"},"hyperVGeneration":{"type":"string","description":"hyperVGeneration"},"statuses":{"type":"array","items":{"type":"object","properties":{"code":{"type":"string","description":"code"},"level":{"type":"string","description":"level"},"displayStatus":{"type":"string","description":"displayStatus"},"time":{"type":"string","description":"time"}}},"description":"statuses"}}}}},"summary":"InstanceView","description":"Get VM Instance Details","operationId":"InstanceView","parameters":[{"name":"subscriptionId","in":"path","required":true,"type":"string"},{"name":"rgName","in":"path","required":true,"type":"string"},{"name":"vmName","in":"path","required":true,"type":"string"},{"name":"api-version","in":"query","required":false,"type":"string"}]}},"/subscriptions/{subscriptionId}/providers/Microsoft.Compute/virtualMachines":{"get":{"responses":{"default":{"description":"default","schema":{"type":"object","properties":{"value":{"type":"array","items":{"type":"object","properties":{"name":{"type":"string","description":"name"},"id":{"type":"string","description":"id"},"type":{"type":"string","description":"type"},"location":{"type":"string","description":"location"},"identity":{"type":"object","properties":{"type":{"type":"string","description":"type"},"principalId":{"type":"string","description":"principalId"},"tenantId":{"type":"string","description":"tenantId"}},"description":"identity"},"properties":{"type":"object","properties":{"vmId":{"type":"string","description":"vmId"},"hardwareProfile":{"type":"object","properties":{"vmSize":{"type":"string","description":"vmSize"}},"description":"hardwareProfile"},"storageProfile":{"type":"object","properties":{"imageReference":{"type":"object","properties":{"publisher":{"type":"string","description":"publisher"},"offer":{"type":"string","description":"offer"},"sku":{"type":"string","description":"sku"},"version":{"type":"string","description":"version"},"exactVersion":{"type":"string","description":"exactVersion"}},"description":"imageReference"},"osDisk":{"type":"object","properties":{"osType":{"type":"string","description":"osType"},"name":{"type":"string","description":"name"},"createOption":{"type":"string","description":"createOption"},"caching":{"type":"string","description":"caching"},"managedDisk":{"type":"object","properties":{"id":{"type":"string","description":"id"}},"description":"managedDisk"},"deleteOption":{"type":"string","description":"deleteOption"}},"description":"osDisk"},"dataDisks":{"type":"array","items":{},"description":"dataDisks"}},"description":"storageProfile"},"osProfile":{"type":"object","properties":{"computerName":{"type":"string","description":"computerName"},"adminUsername":{"type":"string","description":"adminUsername"},"windowsConfiguration":{"type":"object","properties":{"provisionVMAgent":{"type":"boolean","description":"provisionVMAgent"},"enableAutomaticUpdates":{"type":"boolean","description":"enableAutomaticUpdates"},"patchSettings":{"type":"object","properties":{"patchMode":{"type":"string","description":"patchMode"},"assessmentMode":{"type":"string","description":"assessmentMode"},"enableHotpatching":{"type":"boolean","description":"enableHotpatching"}},"description":"patchSettings"},"enableVMAgentPlatformUpdates":{"type":"boolean","description":"enableVMAgentPlatformUpdates"}},"description":"windowsConfiguration"},"secrets":{"type":"array","items":{},"description":"secrets"},"allowExtensionOperations":{"type":"boolean","description":"allowExtensionOperations"},"requireGuestProvisionSignal":{"type":"boolean","description":"requireGuestProvisionSignal"}},"description":"osProfile"},"securityProfile":{"type":"object","properties":{"uefiSettings":{"type":"object","properties":{"secureBootEnabled":{"type":"boolean","description":"secureBootEnabled"},"vTpmEnabled":{"type":"boolean","description":"vTpmEnabled"}},"description":"uefiSettings"},"securityType":{"type":"string","description":"securityType"}},"description":"securityProfile"},"networkProfile":{"type":"object","properties":{"networkInterfaces":{"type":"array","items":{"type":"object","properties":{"id":{"type":"string","description":"id"},"properties":{"type":"object","properties":{"deleteOption":{"type":"string","description":"deleteOption"}},"description":"properties"}}},"description":"networkInterfaces"}},"description":"networkProfile"},"diagnosticsProfile":{"type":"object","properties":{"bootDiagnostics":{"type":"object","properties":{"enabled":{"type":"boolean","description":"enabled"}},"description":"bootDiagnostics"}},"description":"diagnosticsProfile"},"provisioningState":{"type":"string","description":"provisioningState"},"timeCreated":{"type":"string","description":"timeCreated"}},"description":"properties"},"resources":{"type":"array","items":{"type":"object","properties":{"id":{"type":"string","description":"id"}}},"description":"resources"}}},"description":"value"}}}}},"summary":"ListAll","description":"List all VMs in the specified subscription","operationId":"ListAll","parameters":[{"name":"subscriptionId","in":"path","required":true,"type":"string"},{"name":"api-version","in":"query","required":false,"type":"string"}]}}},"definitions":{},"parameters":{},"responses":{},"securityDefinitions":{"oauth2-auth":{"type":"oauth2","flow":"accessCode","authorizationUrl":"https://login.microsoftonline.com/common/oauth2/authorize","tokenUrl":"https://login.windows.net/common/oauth2/authorize","scopes":{}}},"security":[{"oauth2-auth":[]}],"tags":[]}