<ImportExportXml xmlns:xsi="http://www.w3.org/2001/XMLSchema-instance">
  <Entities></Entities>
  <Roles></Roles>
  <Workflows>
    <Workflow WorkflowId="{d09b2545-9700-ee11-8f6e-00224809c5c3}" Name="Get Virtual Machines Status">
      <JsonFileName>/Workflows/GetVirtualMachinesStatus-D09B2545-9700-EE11-8F6E-00224809C5C3.json</JsonFileName>
      <Type>1</Type>
      <Subprocess>0</Subprocess>
      <Category>5</Category>
      <Mode>0</Mode>
      <Scope>4</Scope>
      <OnDemand>0</OnDemand>
      <TriggerOnCreate>0</TriggerOnCreate>
      <TriggerOnDelete>0</TriggerOnDelete>
      <AsyncAutodelete>0</AsyncAutodelete>
      <SyncWorkflowLogOnFailure>0</SyncWorkflowLogOnFailure>
      <StateCode>1</StateCode>
      <StatusCode>2</StatusCode>
      <RunAs>1</RunAs>
      <IsTransacted>1</IsTransacted>
      <IntroducedVersion>1.0.0.0</IntroducedVersion>
      <IsCustomizable>1</IsCustomizable>
      <BusinessProcessType>0</BusinessProcessType>
      <IsCustomProcessingStepAllowedForOtherPublishers>1</IsCustomProcessingStepAllowedForOtherPublishers>
      <PrimaryEntity>none</PrimaryEntity>
      <LocalizedNames>
        <LocalizedName languagecode="1033" description="Get Virtual Machines Status" />
      </LocalizedNames>
    </Workflow>
    <Workflow WorkflowId="{59dddc7f-9f00-ee11-8f6e-00224809c5c3}" Name="Update VM Status">
      <JsonFileName>/Workflows/UpdateVMStatus-59DDDC7F-9F00-EE11-8F6E-00224809C5C3.json</JsonFileName>
      <Type>1</Type>
      <Subprocess>0</Subprocess>
      <Category>5</Category>
      <Mode>0</Mode>
      <Scope>4</Scope>
      <OnDemand>0</OnDemand>
      <TriggerOnCreate>0</TriggerOnCreate>
      <TriggerOnDelete>0</TriggerOnDelete>
      <AsyncAutodelete>0</AsyncAutodelete>
      <SyncWorkflowLogOnFailure>0</SyncWorkflowLogOnFailure>
      <StateCode>1</StateCode>
      <StatusCode>2</StatusCode>
      <RunAs>1</RunAs>
      <IsTransacted>1</IsTransacted>
      <IntroducedVersion>1.0.0.0</IntroducedVersion>
      <IsCustomizable>1</IsCustomizable>
      <BusinessProcessType>0</BusinessProcessType>
      <IsCustomProcessingStepAllowedForOtherPublishers>1</IsCustomProcessingStepAllowedForOtherPublishers>
      <PrimaryEntity>none</PrimaryEntity>
      <LocalizedNames>
        <LocalizedName languagecode="1033" description="Update VM Status" />
      </LocalizedNames>
    </Workflow>
  </Workflows>
  <FieldSecurityProfiles></FieldSecurityProfiles>
  <Templates />
  <EntityMaps />
  <EntityRelationships />
  <OrganizationSettings />
  <optionsets />
  <CustomControls />
  <EntityDataProviders />
  <CanvasApps>
    <CanvasApp>
      <Name>new_app_ef893</Name>
      <AppVersion>2023-04-20T17:00:48Z</AppVersion>
      <Status>Ready</Status>
      <CreatedByClientVersion>3.23041.11.0</CreatedByClientVersion>
      <MinClientVersion>3.23041.11.0</MinClientVersion>
      <Tags>{"primaryDeviceWidth":"640","primaryDeviceHeight":"1136","supportsPortrait":"true","supportsLandscape":"true","primaryFormFactor":"Phone","publisherVersion":"3.23041.11","minimumRequiredApiVersion":"2.2.0","hasComponent":"false","hasUnlockedComponent":"false","isUnifiedRootApp":"false","sienaVersion":"20230420T170048Z-3.23041.11.0"}</Tags>
      <IsCdsUpgraded>0</IsCdsUpgraded>
      <GalleryItemId xsi:nil="true"></GalleryItemId>
      <BackgroundColor>RGBA(0,176,240,1)</BackgroundColor>
      <DisplayName>App</DisplayName>
      <Description xsi:nil="true"></Description>
      <CommitMessage xsi:nil="true"></CommitMessage>
      <Publisher xsi:nil="true"></Publisher>
      <AuthorizationReferences>[]</AuthorizationReferences>
      <ConnectionReferences>{"ab9875a2-1e6f-4003-802f-5f38ff8257db":{"id":"/providers/microsoft.powerapps/apis/shared_azurevm","displayName":"Azure VM","iconUri":"https://connectoricons-prod.azureedge.net/releases/v1.0.1567/1.0.1567.2748/azurevm/icon.png","dataSources":["AzureVM"],"dependencies":[],"dependents":["d0c9dd33-05a5-4276-93ae-0ad4ed189c97"],"parameterHints":{},"parameterHintsV2":{},"isOnPremiseConnection":false,"bypassConsent":false,"dataSets":{},"apiTier":"Premium","actions":["VirtualMachine_Poweroff","VirtualMachine_Start"],"isCustomApiSolutionAware":false},"d0c9dd33-05a5-4276-93ae-0ad4ed189c97":{"id":"/providers/microsoft.powerapps/apis/shared_logicflows","displayName":"Logic flows","iconUri":"https://connectoricons-prod.azureedge.net/releases/v1.0.1615/1.0.1615.3163/logicflows/icon.png","dataSources":["UpdateVMStatus"],"dependencies":["39aa573c-337c-4cc8-b5a3-d528d8c127e3","ab9875a2-1e6f-4003-802f-5f38ff8257db","21073dfb-7933-4a91-83b5-b83f1a340b35"],"dependents":[],"parameterHints":{"workflowName":{"value":"2ceb1143-ac69-4fd7-b65d-8112f21b8675"},"workflowEntityId":{},"39aa573c-337c-4cc8-b5a3-d528d8c127e3":{"value":"shared_new-5fazure-20compute-5f939abb6e95545e3f"},"ab9875a2-1e6f-4003-802f-5f38ff8257db":{"value":"shared_azurevm"},"21073dfb-7933-4a91-83b5-b83f1a340b35":{"value":"shared_documentdb_1"}},"parameterHintsV2":{"workflowName":{"value":"2ceb1143-ac69-4fd7-b65d-8112f21b8675"},"workflowEntityId":{},"shared_new-5fazure-20compute-5f939abb6e95545e3f":{"value":"39aa573c-337c-4cc8-b5a3-d528d8c127e3"},"shared_azurevm":{"value":"ab9875a2-1e6f-4003-802f-5f38ff8257db"},"shared_documentdb_1":{"value":"21073dfb-7933-4a91-83b5-b83f1a340b35"}},"isOnPremiseConnection":false,"bypassConsent":false,"dataSets":{},"apiTier":"Standard","actions":["Run"],"isCustomApiSolutionAware":false},"39aa573c-337c-4cc8-b5a3-d528d8c127e3":{"id":"/providers/microsoft.powerapps/apis/shared_new-5fazure-20compute-5f939abb6e95545e3f","displayName":"Azure Compute","iconUri":"https://az787822.vo.msecnd.net/defaulticons/api-dedicated.png","dataSources":[],"dependencies":[],"dependents":["d0c9dd33-05a5-4276-93ae-0ad4ed189c97"],"parameterHints":{},"parameterHintsV2":{},"isOnPremiseConnection":false,"bypassConsent":false,"dataSets":{},"apiTier":"Standard","customApiLogicalName":"new_5Fazure-20compute","isCustomApiSolutionAware":true},"21073dfb-7933-4a91-83b5-b83f1a340b35":{"id":"/providers/microsoft.powerapps/apis/shared_documentdb","displayName":"Azure Cosmos DB","iconUri":"https://connectoricons-prod.azureedge.net/releases/v1.0.1627/1.0.1627.3238/documentdb/icon.png","dataSources":[],"dependencies":[],"dependents":["d0c9dd33-05a5-4276-93ae-0ad4ed189c97"],"parameterHints":{},"parameterHintsV2":{},"isOnPremiseConnection":false,"sharedConnectionId":"ac24a2ea-dcc3-4106-a950-87e56164ceac","bypassConsent":false,"dataSets":{},"apiTier":"Premium","isCustomApiSolutionAware":false,"authenticationType":"keyBasedAuth"}}</ConnectionReferences>
      <DatabaseReferences>{}</DatabaseReferences>
      <AppComponents>[]</AppComponents>
      <AppComponentDependencies>[]</AppComponentDependencies>
      <CanConsumeAppPass>1</CanConsumeAppPass>
      <CanvasAppType>0</CanvasAppType>
      <BypassConsent>0</BypassConsent>
      <AdminControlBypassConsent>0</AdminControlBypassConsent>
      <EmbeddedApp xsi:nil="true"></EmbeddedApp>
      <IntroducedVersion>1.0</IntroducedVersion>
      <CdsDependencies>{"cdsdependencies":[{"logicalname":"new_5Fazure-20compute","componenttype":372,"componenttypeplatformname":"connector"}]}</CdsDependencies>
      <IsCustomizable>1</IsCustomizable>
      <BackgroundImageUri>/CanvasApps/new_app_ef893_BackgroundImageUri</BackgroundImageUri>
      <DocumentUri>/CanvasApps/new_app_ef893_DocumentUri.msapp</DocumentUri>
    </CanvasApp>
  </CanvasApps>
  <Connectors>
    <Connector>
      <connectorid>5ffa9e06-cd3a-4fdd-ac36-796c7702fbc4</connectorid>
      <description>Azure Compute API</description>
      <displayname>Azure Compute</displayname>
      <iconbrandcolor>#007ee5</iconbrandcolor>
      <name>new_5Fazure-20compute</name>
      <connectortype>1</connectortype>
      <openapidefinition>/Connector/new_5Fazure-20compute_openapidefinition.json</openapidefinition>
      <connectionparameters>/Connector/new_5Fazure-20compute_connectionparameters.json</connectionparameters>
      <policytemplateinstances>/Connector/new_5Fazure-20compute_policytemplateinstances.json</policytemplateinstances>
      <iconblob>/Connector/new_5Fazure-20compute_iconblob.Png</iconblob>
    </Connector>
  </Connectors>
  <connectionreferences>
    <connectionreference connectionreferencelogicalname="new_sharedarm_0474d">
      <connectionreferencedisplayname>Azure Resource Manager VMManagementFlows-0474d</connectionreferencedisplayname>
      <connectorid>/providers/Microsoft.PowerApps/apis/shared_arm</connectorid>
      <iscustomizable>1</iscustomizable>
      <statecode>0</statecode>
      <statuscode>1</statuscode>
    </connectionreference>
    <connectionreference connectionreferencelogicalname="new_sharedarm_5afb0">
      <connectionreferencedisplayname>Azure Resource Manager VMManagementFlows-5afb0</connectionreferencedisplayname>
      <connectorid>/providers/Microsoft.PowerApps/apis/shared_arm</connectorid>
      <iscustomizable>1</iscustomizable>
      <statecode>0</statecode>
      <statuscode>1</statuscode>
    </connectionreference>
    <connectionreference connectionreferencelogicalname="new_sharedazurevm_e3bb9">
      <connectionreferencedisplayname>Azure VM VMManagementFlows-e3bb9</connectionreferencedisplayname>
      <connectorid>/providers/Microsoft.PowerApps/apis/shared_azurevm</connectorid>
      <iscustomizable>1</iscustomizable>
      <statecode>0</statecode>
      <statuscode>1</statuscode>
    </connectionreference>
    <connectionreference connectionreferencelogicalname="new_shareddocumentdb_6fc06">
      <connectionreferencedisplayname>Azure Cosmos DB VMManagementFlows-6fc06</connectionreferencedisplayname>
      <connectorid>/providers/Microsoft.PowerApps/apis/shared_documentdb</connectorid>
      <iscustomizable>1</iscustomizable>
      <statecode>0</statecode>
      <statuscode>1</statuscode>
    </connectionreference>
    <connectionreference connectionreferencelogicalname="new_sharednew5fazure20compute5f939abb6e95545e3f_2d0d2">
      <connectionreferencedisplayname>Azure Compute VMManagementFlows-2d0d2</connectionreferencedisplayname>
      <connectorid>/providers/Microsoft.PowerApps/apis/shared_new-5fazure-20compute-5f939abb6e95545e3f</connectorid>
      <customconnectorid>
        <connectorid>5ffa9e06-cd3a-4fdd-ac36-796c7702fbc4</connectorid>
      </customconnectorid>
      <iscustomizable>1</iscustomizable>
      <statecode>0</statecode>
      <statuscode>1</statuscode>
    </connectionreference>
    <connectionreference connectionreferencelogicalname="new_sharednew5fazure20compute5f939abb6e95545e3f_d8e21">
      <connectionreferencedisplayname>Azure Compute VMManagementFlows-d8e21</connectionreferencedisplayname>
      <connectorid>/providers/Microsoft.PowerApps/apis/shared_new-5fazure-20compute-5f939abb6e95545e3f</connectorid>
      <customconnectorid>
        <connectorid>5ffa9e06-cd3a-4fdd-ac36-796c7702fbc4</connectorid>
      </customconnectorid>
      <iscustomizable>1</iscustomizable>
      <statecode>0</statecode>
      <statuscode>1</statuscode>
    </connectionreference>
  </connectionreferences>
  <Languages>
    <Language>1033</Language>
  </Languages>
</ImportExportXml>