{
  "properties": {
    "connectionReferences": {
      "shared_arm_1": {
        "runtimeSource": "embedded",
        "connection": {
          "connectionReferenceLogicalName": "new_sharedarm_0474d"
        },
        "api": {
          "name": "shared_arm"
        }
      },
      "shared_new-5fazure-20compute-5f939abb6e95545e3f": {
        "runtimeSource": "embedded",
        "connection": {
          "connectionReferenceLogicalName": "new_sharednew5fazure20compute5f939abb6e95545e3f_d8e21"
        },
        "api": {
          "name": "shared_new-5fazure-20compute-5f939abb6e95545e3f",
          "logicalName": "new_5Fazure-20compute"
        }
      },
      "shared_documentdb": {
        "runtimeSource": "embedded",
        "connection": {
          "connectionReferenceLogicalName": "new_shareddocumentdb_6fc06"
        },
        "api": {
          "name": "shared_documentdb"
        }
      }
    },
    "definition": {
      "$schema": "https://schema.management.azure.com/providers/Microsoft.Logic/schemas/2016-06-01/workflowdefinition.json#",
      "contentVersion": "1.0.0.0",
      "parameters": {
        "$connections": {
          "defaultValue": {},
          "type": "Object"
        },
        "$authentication": {
          "defaultValue": {},
          "type": "SecureObject"
        }
      },
      "triggers": {
        "Recurrence": {
          "recurrence": {
            "frequency": "Hour",
            "interval": 1,
            "startTime": "2023-06-01T15:00:00Z"
          },
          "metadata": {
            "operationMetadataId": "7984ddbf-9af3-4db3-9291-b89d5d320439"
          },
          "type": "Recurrence"
        }
      },
      "actions": {
        "Initialize_API_Version": {
          "runAfter": {},
          "metadata": {
            "operationMetadataId": "a7598267-400b-4a30-ad3b-dcaf67351ede"
          },
          "type": "InitializeVariable",
          "inputs": {
            "variables": [
              {
                "name": "apiVersion",
                "type": "string",
                "value": "2022-11-01"
              }
            ]
          }
        },
        "Initialize_Subscription_ID": {
          "runAfter": {
            "Initialize_API_Version": [
              "Succeeded"
            ]
          },
          "metadata": {
            "operationMetadataId": "6eee21b7-3c67-4f96-9b2b-b8abfc7be1a9"
          },
          "type": "InitializeVariable",
          "inputs": {
            "variables": [
              {
                "name": "subscriptionID",
                "type": "string",
                "value": "\"\""
              }
            ]
          }
        },
        "Initialize_Resource_Group_Name": {
          "runAfter": {
            "Initialize_Subscription_ID": [
              "Succeeded"
            ]
          },
          "metadata": {
            "operationMetadataId": "a20d7d69-0655-4ad2-ad04-b8b08997cd8a"
          },
          "type": "InitializeVariable",
          "inputs": {
            "variables": [
              {
                "name": "resourceGroup",
                "type": "string",
                "value": "\"\""
              }
            ]
          }
        },
        "List_subscriptions": {
          "runAfter": {
            "Initialize_Resource_Group_Name": [
              "Succeeded"
            ]
          },
          "metadata": {
            "operationMetadataId": "f17caf8c-0c65-48cf-9323-e1bd3d1f57f7"
          },
          "type": "OpenApiConnection",
          "inputs": {
            "host": {
              "connectionName": "shared_arm_1",
              "operationId": "Subscriptions_List",
              "apiId": "/providers/Microsoft.PowerApps/apis/shared_arm"
            },
            "parameters": {},
            "authentication": "@parameters('$authentication')"
          }
        },
        "For_Each_Subscription": {
          "foreach": "@outputs('List_subscriptions')?['body/value']",
          "actions": {
            "Set_Subscription_ID": {
              "runAfter": {},
              "metadata": {
                "operationMetadataId": "8e335348-c884-417d-90a2-c55e083fced2"
              },
              "type": "SetVariable",
              "inputs": {
                "name": "subscriptionID",
                "value": "@items('For_Each_Subscription')?['subscriptionId']"
              }
            },
            "ListAll": {
              "runAfter": {
                "Set_Subscription_ID": [
                  "Succeeded"
                ]
              },
              "metadata": {
                "operationMetadataId": "f1be4d1f-76e3-4cbb-9171-0933328b8a26"
              },
              "type": "OpenApiConnection",
              "inputs": {
                "host": {
                  "connectionName": "shared_new-5fazure-20compute-5f939abb6e95545e3f",
                  "operationId": "ListAll",
                  "apiId": "/providers/Microsoft.PowerApps/apis/shared_new-5fazure-20compute-5f939abb6e95545e3f"
                },
                "parameters": {
                  "subscriptionId": "@variables('subscriptionID')",
                  "api-version": "@variables('apiVersion')"
                },
                "authentication": "@parameters('$authentication')"
              }
            },
            "For_Each_VM": {
              "foreach": "@outputs('ListAll')?['body/value']",
              "actions": {
                "Set_Resource_Group": {
                  "runAfter": {},
                  "metadata": {
                    "operationMetadataId": "fbe58aa0-893d-4f08-b114-7e2f0349ea91"
                  },
                  "type": "SetVariable",
                  "inputs": {
                    "name": "resourceGroup",
                    "value": "@{split(items('For_Each_VM')?['id'], '/')[4]}"
                  }
                },
                "InstanceView": {
                  "runAfter": {
                    "Set_Resource_Group": [
                      "Succeeded"
                    ]
                  },
                  "metadata": {
                    "operationMetadataId": "7ab8faf0-e5bb-4798-a1ad-88a60aa408c5"
                  },
                  "type": "OpenApiConnection",
                  "inputs": {
                    "host": {
                      "connectionName": "shared_new-5fazure-20compute-5f939abb6e95545e3f",
                      "operationId": "InstanceView",
                      "apiId": "/providers/Microsoft.PowerApps/apis/shared_new-5fazure-20compute-5f939abb6e95545e3f"
                    },
                    "parameters": {
                      "subscriptionId": "@variables('subscriptionID')",
                      "rgName": "@variables('resourceGroup')",
                      "vmName": "@items('For_Each_VM')?['name']",
                      "api-version": "@variables('apiVersion')"
                    },
                    "authentication": "@parameters('$authentication')"
                  }
                },
                "Create_JSON_Doc_for_CosmosDB": {
                  "runAfter": {
                    "InstanceView": [
                      "Succeeded"
                    ]
                  },
                  "metadata": {
                    "operationMetadataId": "ce70ddc4-5eed-44b2-b39c-a3acf781285d"
                  },
                  "type": "Compose",
                  "inputs": {
                    "id": "@items('For_Each_VM')?['properties/vmId']",
                    "name": "@items('For_Each_VM')?['name']",
                    "subscriptionID": "@variables('subscriptionID')",
                    "resourceGroup": "@variables('resourceGroup')",
                    "provisionState": "@first(outputs('InstanceView')?['body/statuses'])?['displayStatus']",
                    "currentState": "@last(outputs('InstanceView')?['body/statuses'])?['displayStatus']",
                    "instanceView": "@body('InstanceView')"
                  }
                },
                "Create_or_update_document_(V3)": {
                  "runAfter": {
                    "Create_JSON_Doc_for_CosmosDB": [
                      "Succeeded"
                    ]
                  },
                  "metadata": {
                    "operationMetadataId": "19202a7d-62dc-4ae0-be36-96c10034a44d"
                  },
                  "type": "OpenApiConnection",
                  "inputs": {
                    "host": {
                      "connectionName": "shared_documentdb",
                      "operationId": "CreateDocument_V3",
                      "apiId": "/providers/Microsoft.PowerApps/apis/shared_documentdb"
                    },
                    "parameters": {
                      "cosmosDbAccountName": "AccountNameFromSettings",
                      "databaseId": "VirtualMachineState",
                      "collectionId": "VirtualMachineState",
                      "body": "@outputs('Create_JSON_Doc_for_CosmosDB')",
                      "x-ms-documentdb-is-upsert": true
                    },
                    "authentication": "@parameters('$authentication')"
                  }
                }
              },
              "runAfter": {
                "ListAll": [
                  "Succeeded"
                ]
              },
              "metadata": {
                "operationMetadataId": "0ab1ffbe-4cb2-45f1-89e9-6f0d4dcf5714"
              },
              "type": "Foreach"
            }
          },
          "runAfter": {
            "List_subscriptions": [
              "Succeeded"
            ]
          },
          "metadata": {
            "operationMetadataId": "a12d1f88-9105-436d-b6ff-035511184dcd"
          },
          "type": "Foreach"
        }
      }
    },
    "templateName": ""
  },
  "schemaVersion": "1.0.0.0"
}