{
  "properties": {
    "connectionReferences": {
      "shared_azurevm": {
        "runtimeSource": "invoker",
        "connection": {
          "connectionReferenceLogicalName": "new_sharedazurevm_e3bb9"
        },
        "api": {
          "name": "shared_azurevm"
        }
      },
      "shared_new-5fazure-20compute-5f939abb6e95545e3f": {
        "runtimeSource": "invoker",
        "connection": {
          "connectionReferenceLogicalName": "new_sharednew5fazure20compute5f939abb6e95545e3f_d8e21"
        },
        "api": {
          "name": "shared_new-5fazure-20compute-5f939abb6e95545e3f",
          "logicalName": "new_5Fazure-20compute"
        }
      },
      "shared_documentdb": {
        "runtimeSource": "invoker",
        "connection": {
          "connectionReferenceLogicalName": "new_shareddocumentdb_6fc06"
        },
        "api": {
          "name": "shared_documentdb"
        }
      }
    },
    "definition": {
      "$schema": "https://schema.management.azure.com/providers/Microsoft.Logic/schemas/2016-06-01/workflowdefinition.json#",
      "contentVersion": "1.0.0.0",
      "parameters": {
        "$connections": {
          "defaultValue": {},
          "type": "Object"
        },
        "$authentication": {
          "defaultValue": {},
          "type": "SecureObject"
        }
      },
      "triggers": {
        "manual": {
          "metadata": {
            "operationMetadataId": "a157490c-0453-431f-8be1-1353c9af125d"
          },
          "type": "Request",
          "kind": "PowerApp",
          "inputs": {
            "schema": {
              "type": "object",
              "properties": {
                "InitializeVMName_Value": {
                  "type": "string",
                  "description": "Enter initial value",
                  "x-ms-powerflows-param-ispartial": false
                },
                "InitializeResourceGroup_Value": {
                  "type": "string",
                  "description": "Enter initial value",
                  "x-ms-powerflows-param-ispartial": false
                },
                "InitializeSubscriptionID_Value": {
                  "type": "string",
                  "description": "Enter initial value",
                  "x-ms-powerflows-param-ispartial": false
                },
                "InitializeCurrentState_Value": {
                  "type": "string",
                  "description": "Enter initial value",
                  "x-ms-powerflows-param-ispartial": false
                }
              },
              "required": [
                "InitializeVMName_Value",
                "InitializeResourceGroup_Value",
                "InitializeSubscriptionID_Value",
                "InitializeCurrentState_Value"
              ]
            }
          }
        }
      },
      "actions": {
        "Initialize_API_Version": {
          "runAfter": {},
          "metadata": {
            "operationMetadataId": "5bc4795d-5d4f-4755-a142-497f3b9e3c12"
          },
          "type": "InitializeVariable",
          "inputs": {
            "variables": [
              {
                "name": "apiVersion",
                "type": "string",
                "value": "2022-11-01"
              }
            ]
          }
        },
        "Initialize_VM_Name": {
          "runAfter": {
            "Initialize_API_Version": [
              "Succeeded"
            ]
          },
          "metadata": {
            "operationMetadataId": "dc01bd3c-4914-4402-bab5-624104ef841d"
          },
          "type": "InitializeVariable",
          "inputs": {
            "variables": [
              {
                "name": "name",
                "type": "string",
                "value": "@{triggerBody()['InitializeVMName_Value']}"
              }
            ]
          }
        },
        "Initialize_Resource_Group": {
          "runAfter": {
            "Initialize_VM_Name": [
              "Succeeded"
            ]
          },
          "metadata": {
            "operationMetadataId": "7a326de2-4e06-4ff8-96ea-a38a4eaeb686"
          },
          "type": "InitializeVariable",
          "inputs": {
            "variables": [
              {
                "name": "resourceGroup",
                "type": "string",
                "value": "@{triggerBody()['InitializeResourceGroup_Value']}"
              }
            ]
          }
        },
        "Initialize_Subscription_ID": {
          "runAfter": {
            "Initialize_Resource_Group": [
              "Succeeded"
            ]
          },
          "metadata": {
            "operationMetadataId": "26b6201f-2675-4af0-a3af-22625b8065db"
          },
          "type": "InitializeVariable",
          "inputs": {
            "variables": [
              {
                "name": "subscription",
                "type": "string",
                "value": "@{triggerBody()['InitializeSubscriptionID_Value']}"
              }
            ]
          }
        },
        "Initialize_Current_State": {
          "runAfter": {
            "Initialize_Subscription_ID": [
              "Succeeded"
            ]
          },
          "metadata": {
            "operationMetadataId": "0019a1bc-efb8-4f21-81e8-d6055578d7ff"
          },
          "type": "InitializeVariable",
          "inputs": {
            "variables": [
              {
                "name": "currentState",
                "type": "string",
                "value": "@{triggerBody()['InitializeCurrentState_Value']}"
              }
            ]
          }
        },
        "Get_virtual_machine": {
          "runAfter": {
            "Initialize_Current_State": [
              "Succeeded"
            ]
          },
          "metadata": {
            "operationMetadataId": "a7bbf4ac-4e58-4a2a-9282-9e4105e1cd13"
          },
          "type": "OpenApiConnection",
          "inputs": {
            "host": {
              "connectionName": "shared_azurevm",
              "operationId": "VirtualMachine_Get",
              "apiId": "/providers/Microsoft.PowerApps/apis/shared_azurevm"
            },
            "parameters": {
              "subscriptionId": "@variables('subscription')",
              "resourceGroupName": "@variables('resourceGroup')",
              "virtualMachineName": "@variables('name')"
            },
            "authentication": {
              "type": "Raw",
              "value": "@json(decodeBase64(triggerOutputs().headers['X-MS-APIM-Tokens']))['$ConnectionKey']"
            }
          }
        },
        "Parse_JSON": {
          "runAfter": {
            "Get_virtual_machine": [
              "Succeeded"
            ]
          },
          "metadata": {
            "operationMetadataId": "a6d1da9a-0eb4-457a-ad09-69f2b8e993b4"
          },
          "type": "ParseJson",
          "inputs": {
            "content": "@body('Get_virtual_machine')",
            "schema": {
              "type": "object",
              "properties": {
                "name": {
                  "type": "string"
                },
                "id": {
                  "type": "string"
                },
                "type": {
                  "type": "string"
                },
                "location": {
                  "type": "string"
                },
                "identity": {
                  "type": "object",
                  "properties": {
                    "type": {
                      "type": "string"
                    },
                    "principalId": {
                      "type": "string"
                    },
                    "tenantId": {
                      "type": "string"
                    }
                  }
                },
                "properties": {
                  "type": "object",
                  "properties": {
                    "vmId": {
                      "type": "string"
                    },
                    "hardwareProfile": {
                      "type": "object",
                      "properties": {
                        "vmSize": {
                          "type": "string"
                        }
                      }
                    },
                    "storageProfile": {
                      "type": "object",
                      "properties": {
                        "imageReference": {
                          "type": "object",
                          "properties": {
                            "publisher": {
                              "type": "string"
                            },
                            "offer": {
                              "type": "string"
                            },
                            "sku": {
                              "type": "string"
                            },
                            "version": {
                              "type": "string"
                            },
                            "exactVersion": {
                              "type": "string"
                            }
                          }
                        },
                        "osDisk": {
                          "type": "object",
                          "properties": {
                            "osType": {
                              "type": "string"
                            },
                            "name": {
                              "type": "string"
                            },
                            "createOption": {
                              "type": "string"
                            },
                            "caching": {
                              "type": "string"
                            },
                            "managedDisk": {
                              "type": "object",
                              "properties": {
                                "storageAccountType": {
                                  "type": "string"
                                },
                                "id": {
                                  "type": "string"
                                }
                              }
                            },
                            "deleteOption": {
                              "type": "string"
                            },
                            "diskSizeGB": {
                              "type": "integer"
                            }
                          }
                        },
                        "dataDisks": {
                          "type": "array"
                        }
                      }
                    },
                    "osProfile": {
                      "type": "object",
                      "properties": {
                        "computerName": {
                          "type": "string"
                        },
                        "adminUsername": {
                          "type": "string"
                        },
                        "windowsConfiguration": {
                          "type": "object",
                          "properties": {
                            "provisionVMAgent": {
                              "type": "boolean"
                            },
                            "enableAutomaticUpdates": {
                              "type": "boolean"
                            },
                            "patchSettings": {
                              "type": "object",
                              "properties": {
                                "patchMode": {
                                  "type": "string"
                                },
                                "assessmentMode": {
                                  "type": "string"
                                },
                                "enableHotpatching": {
                                  "type": "boolean"
                                }
                              }
                            },
                            "enableVMAgentPlatformUpdates": {
                              "type": "boolean"
                            }
                          }
                        },
                        "secrets": {
                          "type": "array"
                        },
                        "allowExtensionOperations": {
                          "type": "boolean"
                        },
                        "requireGuestProvisionSignal": {
                          "type": "boolean"
                        }
                      }
                    },
                    "securityProfile": {
                      "type": "object",
                      "properties": {
                        "uefiSettings": {
                          "type": "object",
                          "properties": {
                            "secureBootEnabled": {
                              "type": "boolean"
                            },
                            "vTpmEnabled": {
                              "type": "boolean"
                            }
                          }
                        },
                        "securityType": {
                          "type": "string"
                        }
                      }
                    },
                    "networkProfile": {
                      "type": "object",
                      "properties": {
                        "networkInterfaces": {
                          "type": "array",
                          "items": {
                            "type": "object",
                            "properties": {
                              "id": {
                                "type": "string"
                              },
                              "properties": {
                                "type": "object",
                                "properties": {
                                  "deleteOption": {
                                    "type": "string"
                                  }
                                }
                              }
                            },
                            "required": [
                              "id",
                              "properties"
                            ]
                          }
                        }
                      }
                    },
                    "diagnosticsProfile": {
                      "type": "object",
                      "properties": {
                        "bootDiagnostics": {
                          "type": "object",
                          "properties": {
                            "enabled": {
                              "type": "boolean"
                            }
                          }
                        }
                      }
                    },
                    "provisioningState": {
                      "type": "string"
                    },
                    "timeCreated": {
                      "type": "string"
                    }
                  }
                },
                "resources": {
                  "type": "array",
                  "items": {
                    "type": "object",
                    "properties": {
                      "name": {
                        "type": "string"
                      },
                      "id": {
                        "type": "string"
                      },
                      "type": {
                        "type": "string"
                      },
                      "location": {
                        "type": "string"
                      },
                      "properties": {
                        "type": "object",
                        "properties": {
                          "autoUpgradeMinorVersion": {
                            "type": "boolean"
                          },
                          "provisioningState": {
                            "type": "string"
                          },
                          "publisher": {
                            "type": "string"
                          },
                          "type": {
                            "type": "string"
                          },
                          "typeHandlerVersion": {
                            "type": "string"
                          }
                        }
                      }
                    },
                    "required": [
                      "name",
                      "id",
                      "type",
                      "location",
                      "properties"
                    ]
                  }
                }
              }
            }
          }
        },
        "InstanceView": {
          "runAfter": {
            "Parse_JSON": [
              "Succeeded"
            ]
          },
          "metadata": {
            "operationMetadataId": "b727b217-f919-41d3-92e3-93c108eecc57"
          },
          "type": "OpenApiConnection",
          "inputs": {
            "host": {
              "connectionName": "shared_new-5fazure-20compute-5f939abb6e95545e3f",
              "operationId": "InstanceView",
              "apiId": ""
            },
            "parameters": {
              "subscriptionId": "@variables('subscription')",
              "rgName": "@variables('resourceGroup')",
              "vmName": "@variables('name')",
              "api-version": "@variables('apiVersion')"
            },
            "authentication": {
              "type": "Raw",
              "value": "@json(decodeBase64(triggerOutputs().headers['X-MS-APIM-Tokens']))['$ConnectionKey']"
            }
          }
        },
        "Compose": {
          "runAfter": {
            "InstanceView": [
              "Succeeded"
            ]
          },
          "metadata": {
            "operationMetadataId": "f0403681-6263-4231-b0ff-5089b8d15be6"
          },
          "type": "Compose",
          "inputs": {
            "id": "@body('Parse_JSON')?['properties']?['vmId']",
            "name": "@variables('name')",
            "subscriptionID": "@variables('subscription')",
            "resourceGroup": "@variables('resourceGroup')",
            "provisionState": "@first(outputs('InstanceView')?['body/statuses'])?['displayStatus']",
            "currentState": "@last(outputs('InstanceView')?['body/statuses'])?['displayStatus']",
            "instanceView": "@body('InstanceView')"
          }
        },
        "Create_or_update_document_(V3)": {
          "runAfter": {
            "Compose": [
              "Succeeded"
            ]
          },
          "metadata": {
            "operationMetadataId": "db43cf74-a875-46d7-b078-249de0e6244a"
          },
          "type": "OpenApiConnection",
          "inputs": {
            "host": {
              "connectionName": "shared_documentdb",
              "operationId": "CreateDocument_V3",
              "apiId": "/providers/Microsoft.PowerApps/apis/shared_documentdb"
            },
            "parameters": {
              "cosmosDbAccountName": "AccountNameFromSettings",
              "databaseId": "VirtualMachineState",
              "collectionId": "VirtualMachineState",
              "body": "@outputs('Compose')",
              "x-ms-documentdb-is-upsert": true
            },
            "authentication": {
              "type": "Raw",
              "value": "@json(decodeBase64(triggerOutputs().headers['X-MS-APIM-Tokens']))['$ConnectionKey']"
            }
          }
        }
      }
    },
    "templateName": null
  },
  "schemaVersion": "1.0.0.0"
}